"","V1","V2"
"1","FIM_IgG4","TT_IgG3"
"2","FIM_IgG4","IPV1_IgG3"
"3","FIM_IgG4","PRN_ADNP"
"4","FIM_IgG4","DT_FcgR3b"
"5","FIM_IgG4","IPV2_IgG4"
"6","FIM_IgG4","PT_FcgR3b"
"7","FIM_IgG4","IPV2_ADCD"
"8","FIM_IgG4","FIM_IgG"
"9","FIM_IgG4","FHA_FcgR2a"
"10","FIM_IgG4","IPV1_FcgR3b"
"11","FIM_IgG4","FIM_ADCD"
"12","FIM_IgG4","TT_FcgR3b"
"13","FIM_IgG4","PRN_IgG"
"14","FIM_IgG4","ACT_IgG1"
"15","FIM_IgG4","FIM_IgG1"
"16","FIM_IgG4","ACT_FcgR3b"
"17","FIM_IgG4","FIM_FcgR3b"
"18","FIM_IgG4","PT_IgG4"
"19","FIM_IgG4","PRN_IgG4"
"20","FIM_IgG4","IPV2_FcgR2a"
"21","FIM_IgG4","FHA_IgG1"
"22","FIM_IgG4","TT_FcgR2a"
"23","FIM_IgG4","FIM_FcgR2a"
"24","FIM_IgG4","FIM_IgG3"
"25","FIM_IgG4","FIM_IgG2"
"26","FIM_IgG4","TT_IgG"
"27","FIM_IgG4","DT_IgG4"
"28","FIM_IgG4","IPV3_IgG4"
"29","FIM_IgG4","IPV3_IgG3"
"30","FIM_IgG4","ACT_IgG3"
"31","FIM_IgG4","DT_IgG1"
"32","TT_IgG3","ACT_FcgR2a"
"33","TT_IgG3","PT_FcgR2a"
"34","TT_IgG3","IPV3_FcgR2a"
"35","TT_IgG3","TT_IgG4"
"36","TT_IgG3","TT_FcgR3b"
"37","TT_IgG3","PRN_IgG3"
"38","TT_IgG3","PRN_IgG"
"39","TT_IgG3","PT_IgG2"
"40","TT_IgG3","ACT_IgG1"
"41","TT_IgG3","PT_IgG4"
"42","TT_IgG3","PRN_IgG4"
"43","TT_IgG3","IPV2_FcgR2a"
"44","TT_IgG3","TT_IgG1"
"45","TT_IgG3","DT_IgG3"
"46","TT_IgG3","FIM_FcgR2a"
"47","TT_IgG3","PT_IgG3"
"48","TT_IgG3","FIM_IgG3"
"49","TT_IgG3","PRN_FcgR3b"
"50","TT_IgG3","ACT_IgG2"
"51","TT_IgG3","DT_IgG4"
"52","TT_IgG3","IPV3_IgG4"
"53","TT_IgG3","FHA_IgG2"
"54","TT_IgG3","FHA_IgG3"
"55","TT_IgG3","IPV3_IgG3"
"56","TT_IgG3","IPV2_IgG3"
"57","TT_IgG3","DT_IgG1"
"58","TT_IgG3","PRN_ADCP"
"59","TT_IgG3","PT_IgG"
"60","IPV1_IgG3","ACT_FcgR2a"
"61","IPV1_IgG3","TT_ADNP"
"62","IPV1_IgG3","FHA_IgG"
"63","IPV1_IgG3","IPV1_IgG4"
"64","IPV1_IgG3","PT_FcgR2a"
"65","IPV1_IgG3","DT_FcgR3b"
"66","IPV1_IgG3","DT_FcgR2a"
"67","IPV1_IgG3","IPV2_ADCD"
"68","IPV1_IgG3","FIM_IgG"
"69","IPV1_IgG3","TT_IgG4"
"70","IPV1_IgG3","IPV1_FcgR3b"
"71","IPV1_IgG3","TT_FcgR3b"
"72","IPV1_IgG3","ACT_IgG1"
"73","IPV1_IgG3","PT_IgG4"
"74","IPV1_IgG3","PRN_IgG4"
"75","IPV1_IgG3","IPV2_FcgR2a"
"76","IPV1_IgG3","IPV1_FcgR2a"
"77","IPV1_IgG3","DT_IgG3"
"78","IPV1_IgG3","FHA_ADCD"
"79","IPV1_IgG3","FIM_IgG3"
"80","IPV1_IgG3","IPV2_IgG1"
"81","IPV1_IgG3","FHA_IgG4"
"82","IPV1_IgG3","DT_IgG4"
"83","IPV1_IgG3","IPV3_IgG4"
"84","IPV1_IgG3","IPV3_IgG1"
"85","IPV1_IgG3","IPV1_IgG1"
"86","IPV1_IgG3","IPV3_IgG3"
"87","IPV1_IgG3","IPV2_IgG3"
"88","ACT_FcgR2a","TT_ADNP"
"89","ACT_FcgR2a","FHA_IgG"
"90","ACT_FcgR2a","IPV3_ADCD"
"91","ACT_FcgR2a","PT_FcgR2a"
"92","ACT_FcgR2a","IPV3_FcgR2a"
"93","ACT_FcgR2a","TT_ADCD"
"94","ACT_FcgR2a","FIM_IgG"
"95","ACT_FcgR2a","FHA_FcgR2a"
"96","ACT_FcgR2a","IPV1_FcgR3b"
"97","ACT_FcgR2a","FHA_FcgR3b"
"98","ACT_FcgR2a","PRN_IgG"
"99","ACT_FcgR2a","IPV3_FcgR3b"
"100","ACT_FcgR2a","ACT_IgG1"
"101","ACT_FcgR2a","FIM_IgG1"
"102","ACT_FcgR2a","ACT_FcgR3b"
"103","ACT_FcgR2a","DT_ADCD"
"104","ACT_FcgR2a","PRN_IgG4"
"105","ACT_FcgR2a","IPV2_FcgR2a"
"106","ACT_FcgR2a","PRN_ADCD"
"107","ACT_FcgR2a","TT_IgG1"
"108","ACT_FcgR2a","DT_IgG3"
"109","ACT_FcgR2a","FHA_ADCD"
"110","ACT_FcgR2a","FIM_FcgR2a"
"111","ACT_FcgR2a","PT_IgG3"
"112","ACT_FcgR2a","IPV2_IgG1"
"113","ACT_FcgR2a","ACT_IgG2"
"114","ACT_FcgR2a","DT_IgG4"
"115","ACT_FcgR2a","PT_ADNP"
"116","ACT_FcgR2a","IPV3_IgG4"
"117","ACT_FcgR2a","FHA_IgG3"
"118","ACT_FcgR2a","IPV1_IgG1"
"119","ACT_FcgR2a","ACT_IgG3"
"120","ACT_FcgR2a","IPV2_IgG3"
"121","TT_ADNP","PRN_ADNP"
"122","TT_ADNP","DT_FcgR3b"
"123","TT_ADNP","DT_FcgR2a"
"124","TT_ADNP","TT_IgG4"
"125","TT_ADNP","FIM_ADCD"
"126","TT_ADNP","FHA_FcgR3b"
"127","TT_ADNP","TT_FcgR3b"
"128","TT_ADNP","DT_ADCP"
"129","TT_ADNP","ACT_IgG1"
"130","TT_ADNP","PT_IgG4"
"131","TT_ADNP","DT_ADNP"
"132","TT_ADNP","PT_IgG1"
"133","TT_ADNP","FIM_IgG3"
"134","TT_ADNP","IPV2_IgG1"
"135","TT_ADNP","FHA_IgG4"
"136","TT_ADNP","TT_ADCP"
"137","TT_ADNP","PT_ADNP"
"138","TT_ADNP","IPV2_FcgR3b"
"139","TT_ADNP","IPV1_IgG1"
"140","TT_ADNP","PRN_ADCP"
"141","TT_ADNP","PT_IgG"
"142","TT_ADNP","PT_ADCD"
"143","FHA_IgG","PRN_FcgR2a"
"144","FHA_IgG","PT_FcgR2a"
"145","FHA_IgG","DT_FcgR2a"
"146","FHA_IgG","TT_ADCD"
"147","FHA_IgG","IPV2_IgG4"
"148","FHA_IgG","PT_FcgR3b"
"149","FHA_IgG","IPV2_ADCD"
"150","FHA_IgG","FHA_FcgR2a"
"151","FHA_IgG","TT_IgG2"
"152","FHA_IgG","FIM_ADCD"
"153","FHA_IgG","FHA_FcgR3b"
"154","FHA_IgG","TT_FcgR3b"
"155","FHA_IgG","PRN_IgG3"
"156","FHA_IgG","PRN_IgG"
"157","FHA_IgG","FIM_IgG1"
"158","FHA_IgG","ACT_FcgR3b"
"159","FHA_IgG","FIM_FcgR3b"
"160","FHA_IgG","PT_IgG4"
"161","FHA_IgG","PRN_IgG4"
"162","FHA_IgG","TT_IgG1"
"163","FHA_IgG","FHA_IgG1"
"164","FHA_IgG","FHA_ADCD"
"165","FHA_IgG","TT_FcgR2a"
"166","FHA_IgG","PT_IgG1"
"167","FHA_IgG","PT_IgG3"
"168","FHA_IgG","FIM_IgG3"
"169","FHA_IgG","FHA_IgG4"
"170","FHA_IgG","TT_IgG"
"171","FHA_IgG","ACT_IgG2"
"172","FHA_IgG","ACT_ADCD"
"173","FHA_IgG","DT_IgG4"
"174","FHA_IgG","PT_ADNP"
"175","FHA_IgG","FHA_IgG2"
"176","FHA_IgG","FHA_IgG3"
"177","FHA_IgG","IPV1_IgG1"
"178","FHA_IgG","IPV3_IgG3"
"179","FHA_IgG","PRN_IgG1"
"180","FHA_IgG","PT_IgG"
"181","PRN_FcgR2a","PT_FcgR2a"
"182","PRN_FcgR2a","DT_FcgR3b"
"183","PRN_FcgR2a","DT_FcgR2a"
"184","PRN_FcgR2a","TT_IgG4"
"185","PRN_FcgR2a","FHA_FcgR2a"
"186","PRN_FcgR2a","FHA_FcgR3b"
"187","PRN_FcgR2a","PRN_IgG3"
"188","PRN_FcgR2a","PRN_IgG"
"189","PRN_FcgR2a","ACT_IgG1"
"190","PRN_FcgR2a","ACT_FcgR3b"
"191","PRN_FcgR2a","FIM_FcgR3b"
"192","PRN_FcgR2a","PT_IgG4"
"193","PRN_FcgR2a","PRN_ADCD"
"194","PRN_FcgR2a","TT_IgG1"
"195","PRN_FcgR2a","FHA_IgG1"
"196","PRN_FcgR2a","FHA_ADCD"
"197","PRN_FcgR2a","TT_FcgR2a"
"198","PRN_FcgR2a","FIM_FcgR2a"
"199","PRN_FcgR2a","PRN_FcgR3b"
"200","PRN_FcgR2a","TT_ADCP"
"201","PRN_FcgR2a","ACT_ADCD"
"202","PRN_FcgR2a","IPV3_IgG4"
"203","PRN_FcgR2a","IPV3_IgG1"
"204","PRN_FcgR2a","PRN_IgG2"
"205","PRN_FcgR2a","PRN_IgG1"
"206","PRN_FcgR2a","PT_IgG"
"207","PRN_FcgR2a","PT_ADCD"
"208","IPV3_ADCD","PRN_ADNP"
"209","IPV3_ADCD","IPV3_FcgR2a"
"210","IPV3_ADCD","TT_ADCD"
"211","IPV3_ADCD","IPV2_ADCD"
"212","IPV3_ADCD","TT_IgG4"
"213","IPV3_ADCD","FHA_FcgR3b"
"214","IPV3_ADCD","ACT_IgG1"
"215","IPV3_ADCD","FIM_IgG1"
"216","IPV3_ADCD","IPV1_ADCD"
"217","IPV3_ADCD","DT_ADCD"
"218","IPV3_ADCD","PT_IgG4"
"219","IPV3_ADCD","PRN_ADCD"
"220","IPV3_ADCD","FHA_ADCD"
"221","IPV3_ADCD","FHA_IgG4"
"222","IPV3_ADCD","ACT_ADCD"
"223","IPV3_ADCD","FHA_IgG3"
"224","IPV3_ADCD","IPV2_FcgR3b"
"225","IPV3_ADCD","IPV3_IgG1"
"226","IPV3_ADCD","PT_ADCD"
"227","IPV1_IgG4","IPV3_FcgR2a"
"228","IPV1_IgG4","IPV2_IgG4"
"229","IPV1_IgG4","PT_FcgR3b"
"230","IPV1_IgG4","TT_IgG4"
"231","IPV1_IgG4","IPV1_FcgR3b"
"232","IPV1_IgG4","TT_FcgR3b"
"233","IPV1_IgG4","FIM_IgG1"
"234","IPV1_IgG4","FIM_FcgR3b"
"235","IPV1_IgG4","IPV2_FcgR2a"
"236","IPV1_IgG4","IPV1_FcgR2a"
"237","IPV1_IgG4","FIM_FcgR2a"
"238","IPV1_IgG4","PT_IgG3"
"239","IPV1_IgG4","FHA_IgG4"
"240","IPV1_IgG4","DT_IgG4"
"241","IPV1_IgG4","IPV3_IgG1"
"242","IPV1_IgG4","PRN_IgG1"
"243","PT_FcgR2a","PRN_ADNP"
"244","PT_FcgR2a","IPV3_FcgR2a"
"245","PT_FcgR2a","DT_FcgR2a"
"246","PT_FcgR2a","PT_FcgR3b"
"247","PT_FcgR2a","FIM_IgG"
"248","PT_FcgR2a","FHA_FcgR2a"
"249","PT_FcgR2a","IPV1_FcgR3b"
"250","PT_FcgR2a","FIM_ADCD"
"251","PT_FcgR2a","TT_FcgR3b"
"252","PT_FcgR2a","PRN_IgG"
"253","PT_FcgR2a","IPV3_FcgR3b"
"254","PT_FcgR2a","PT_IgG2"
"255","PT_FcgR2a","PT_IgG4"
"256","PT_FcgR2a","IPV2_FcgR2a"
"257","PT_FcgR2a","IPV1_FcgR2a"
"258","PT_FcgR2a","TT_IgG1"
"259","PT_FcgR2a","DT_IgG3"
"260","PT_FcgR2a","FHA_ADCD"
"261","PT_FcgR2a","TT_FcgR2a"
"262","PT_FcgR2a","PT_IgG1"
"263","PT_FcgR2a","FIM_FcgR2a"
"264","PT_FcgR2a","PT_IgG3"
"265","PT_FcgR2a","FIM_IgG3"
"266","PT_FcgR2a","TT_ADCP"
"267","PT_FcgR2a","TT_IgG"
"268","PT_FcgR2a","DT_IgG4"
"269","PT_FcgR2a","IPV3_IgG4"
"270","PT_FcgR2a","IPV3_IgG3"
"271","PT_FcgR2a","PT_IgG"
"272","PT_FcgR2a","PT_ADCD"
"273","IPV2_IgG2","FIM_IgG"
"274","IPV2_IgG2","FIM_IgG1"
"275","IPV2_IgG2","IPV2_FcgR2a"
"276","IPV2_IgG2","IPV2_IgG1"
"277","IPV2_IgG2","FHA_IgG2"
"278","IPV2_IgG2","IPV2_FcgR3b"
"279","IPV2_IgG2","IPV2_IgG3"
"280","PRN_ADNP","DT_FcgR3b"
"281","PRN_ADNP","IPV2_ADCD"
"282","PRN_ADNP","FIM_IgG"
"283","PRN_ADNP","TT_IgG4"
"284","PRN_ADNP","TT_IgG2"
"285","PRN_ADNP","DT_ADCP"
"286","PRN_ADNP","FIM_IgG1"
"287","PRN_ADNP","FIM_FcgR3b"
"288","PRN_ADNP","PT_IgG4"
"289","PRN_ADNP","TT_IgG1"
"290","PRN_ADNP","FHA_IgG1"
"291","PRN_ADNP","TT_FcgR2a"
"292","PRN_ADNP","DT_ADNP"
"293","PRN_ADNP","PT_IgG1"
"294","PRN_ADNP","FIM_FcgR2a"
"295","PRN_ADNP","PRN_FcgR3b"
"296","PRN_ADNP","DT_IgG2"
"297","PRN_ADNP","FHA_IgG4"
"298","PRN_ADNP","TT_ADCP"
"299","PRN_ADNP","IPV3_IgG4"
"300","PRN_ADNP","FHA_IgG2"
"301","PRN_ADNP","IPV2_FcgR3b"
"302","PRN_ADNP","PT_ADCP"
"303","PRN_ADNP","IPV2_IgG3"
"304","PRN_ADNP","PRN_ADCP"
"305","PRN_ADNP","PT_IgG"
"306","PRN_ADNP","PT_ADCD"
"307","DT_FcgR3b","TT_ADCD"
"308","DT_FcgR3b","IPV2_IgG4"
"309","DT_FcgR3b","PT_FcgR3b"
"310","DT_FcgR3b","FIM_IgG"
"311","DT_FcgR3b","TT_IgG4"
"312","DT_FcgR3b","TT_IgG2"
"313","DT_FcgR3b","IPV1_FcgR3b"
"314","DT_FcgR3b","FHA_FcgR3b"
"315","DT_FcgR3b","TT_FcgR3b"
"316","DT_FcgR3b","IPV3_FcgR3b"
"317","DT_FcgR3b","ACT_IgG1"
"318","DT_FcgR3b","FIM_IgG1"
"319","DT_FcgR3b","DT_IgG"
"320","DT_FcgR3b","TT_IgG1"
"321","DT_FcgR3b","DT_IgG3"
"322","DT_FcgR3b","FHA_IgG1"
"323","DT_FcgR3b","FHA_ADCD"
"324","DT_FcgR3b","TT_FcgR2a"
"325","DT_FcgR3b","PT_IgG1"
"326","DT_FcgR3b","FIM_FcgR2a"
"327","DT_FcgR3b","FIM_IgG3"
"328","DT_FcgR3b","PRN_FcgR3b"
"329","DT_FcgR3b","FIM_IgG2"
"330","DT_FcgR3b","TT_ADCP"
"331","DT_FcgR3b","TT_IgG"
"332","DT_FcgR3b","ACT_IgG2"
"333","DT_FcgR3b","ACT_ADCD"
"334","DT_FcgR3b","DT_IgG4"
"335","DT_FcgR3b","FHA_IgG2"
"336","DT_FcgR3b","FHA_IgG3"
"337","DT_FcgR3b","IPV2_FcgR3b"
"338","DT_FcgR3b","IPV3_IgG1"
"339","DT_FcgR3b","IPV1_IgG1"
"340","DT_FcgR3b","PT_ADCP"
"341","DT_FcgR3b","IPV3_IgG3"
"342","DT_FcgR3b","IPV2_IgG3"
"343","DT_FcgR3b","DT_IgG1"
"344","DT_FcgR3b","PRN_ADCP"
"345","DT_FcgR3b","PT_ADCD"
"346","IPV3_FcgR2a","DT_FcgR2a"
"347","IPV3_FcgR2a","PT_FcgR3b"
"348","IPV3_FcgR2a","IPV2_ADCD"
"349","IPV3_FcgR2a","TT_IgG4"
"350","IPV3_FcgR2a","IPV1_FcgR3b"
"351","IPV3_FcgR2a","FIM_ADCD"
"352","IPV3_FcgR2a","FHA_FcgR3b"
"353","IPV3_FcgR2a","TT_FcgR3b"
"354","IPV3_FcgR2a","PRN_IgG"
"355","IPV3_FcgR2a","IPV3_FcgR3b"
"356","IPV3_FcgR2a","FIM_FcgR3b"
"357","IPV3_FcgR2a","PRN_IgG4"
"358","IPV3_FcgR2a","IPV2_FcgR2a"
"359","IPV3_FcgR2a","IPV1_FcgR2a"
"360","IPV3_FcgR2a","TT_FcgR2a"
"361","IPV3_FcgR2a","IPV2_IgG1"
"362","IPV3_FcgR2a","PRN_FcgR3b"
"363","IPV3_FcgR2a","DT_IgG2"
"364","IPV3_FcgR2a","IPV3_IgG4"
"365","IPV3_FcgR2a","IPV2_FcgR3b"
"366","IPV3_FcgR2a","IPV3_IgG1"
"367","IPV3_FcgR2a","IPV3_IgG2"
"368","IPV3_FcgR2a","IPV3_IgG3"
"369","IPV3_FcgR2a","IPV2_IgG3"
"370","DT_FcgR2a","FHA_FcgR2a"
"371","DT_FcgR2a","TT_IgG2"
"372","DT_FcgR2a","TT_FcgR3b"
"373","DT_FcgR2a","ACT_IgG1"
"374","DT_FcgR2a","FIM_FcgR3b"
"375","DT_FcgR2a","DT_ADCD"
"376","DT_FcgR2a","IPV1_FcgR2a"
"377","DT_FcgR2a","TT_IgG1"
"378","DT_FcgR2a","DT_IgG3"
"379","DT_FcgR2a","TT_FcgR2a"
"380","DT_FcgR2a","FIM_FcgR2a"
"381","DT_FcgR2a","PRN_FcgR3b"
"382","DT_FcgR2a","DT_IgG2"
"383","DT_FcgR2a","DT_IgG4"
"384","DT_FcgR2a","IPV2_FcgR3b"
"385","DT_FcgR2a","IPV3_IgG1"
"386","DT_FcgR2a","IPV3_IgG3"
"387","DT_FcgR2a","DT_IgG1"
"388","TT_ADCD","PT_FcgR3b"
"389","TT_ADCD","IPV2_ADCD"
"390","TT_ADCD","PRN_IgG"
"391","TT_ADCD","IPV3_FcgR3b"
"392","TT_ADCD","ACT_IgG1"
"393","TT_ADCD","FIM_FcgR3b"
"394","TT_ADCD","DT_ADCD"
"395","TT_ADCD","PT_IgG4"
"396","TT_ADCD","PRN_ADCD"
"397","TT_ADCD","TT_IgG1"
"398","TT_ADCD","TT_FcgR2a"
"399","TT_ADCD","DT_ADNP"
"400","TT_ADCD","ACT_ADCD"
"401","TT_ADCD","DT_IgG4"
"402","TT_ADCD","IPV3_IgG1"
"403","TT_ADCD","IPV1_IgG1"
"404","TT_ADCD","ACT_IgG3"
"405","TT_ADCD","PT_ADCD"
"406","IPV2_IgG4","IPV2_ADCD"
"407","IPV2_IgG4","TT_IgG4"
"408","IPV2_IgG4","IPV1_FcgR3b"
"409","IPV2_IgG4","FIM_ADCD"
"410","IPV2_IgG4","TT_FcgR3b"
"411","IPV2_IgG4","PRN_IgG"
"412","IPV2_IgG4","IPV2_FcgR2a"
"413","IPV2_IgG4","DT_IgG3"
"414","IPV2_IgG4","TT_FcgR2a"
"415","IPV2_IgG4","FIM_FcgR2a"
"416","IPV2_IgG4","IPV2_IgG1"
"417","IPV2_IgG4","FHA_IgG4"
"418","IPV2_IgG4","TT_ADCP"
"419","IPV2_IgG4","TT_IgG"
"420","IPV2_IgG4","DT_IgG4"
"421","IPV2_IgG4","PT_ADNP"
"422","IPV2_IgG4","IPV3_IgG4"
"423","IPV2_IgG4","IPV2_FcgR3b"
"424","IPV2_IgG4","IPV3_IgG1"
"425","IPV2_IgG4","IPV1_IgG1"
"426","IPV2_IgG4","PT_ADCP"
"427","IPV2_IgG4","IPV3_IgG3"
"428","IPV2_IgG4","ACT_IgG3"
"429","IPV2_IgG4","IPV2_IgG3"
"430","IPV2_IgG4","DT_IgG1"
"431","IPV2_IgG4","PT_IgG"
"432","PT_FcgR3b","IPV2_ADCD"
"433","PT_FcgR3b","TT_IgG4"
"434","PT_FcgR3b","TT_IgG2"
"435","PT_FcgR3b","IPV1_FcgR3b"
"436","PT_FcgR3b","FHA_FcgR3b"
"437","PT_FcgR3b","TT_FcgR3b"
"438","PT_FcgR3b","PRN_IgG"
"439","PT_FcgR3b","IPV3_FcgR3b"
"440","PT_FcgR3b","PT_IgG2"
"441","PT_FcgR3b","ACT_FcgR3b"
"442","PT_FcgR3b","FIM_FcgR3b"
"443","PT_FcgR3b","DT_ADCD"
"444","PT_FcgR3b","PT_IgG4"
"445","PT_FcgR3b","PRN_IgG4"
"446","PT_FcgR3b","DT_IgG"
"447","PT_FcgR3b","IPV1_FcgR2a"
"448","PT_FcgR3b","TT_IgG1"
"449","PT_FcgR3b","DT_IgG3"
"450","PT_FcgR3b","FHA_IgG1"
"451","PT_FcgR3b","FHA_ADCD"
"452","PT_FcgR3b","TT_FcgR2a"
"453","PT_FcgR3b","PT_IgG1"
"454","PT_FcgR3b","PT_IgG3"
"455","PT_FcgR3b","FIM_IgG3"
"456","PT_FcgR3b","IPV2_IgG1"
"457","PT_FcgR3b","PRN_FcgR3b"
"458","PT_FcgR3b","DT_IgG2"
"459","PT_FcgR3b","FHA_IgG4"
"460","PT_FcgR3b","TT_ADCP"
"461","PT_FcgR3b","TT_IgG"
"462","PT_FcgR3b","PT_ADNP"
"463","PT_FcgR3b","FHA_IgG2"
"464","PT_FcgR3b","FHA_IgG3"
"465","PT_FcgR3b","IPV2_FcgR3b"
"466","PT_FcgR3b","IPV3_IgG1"
"467","PT_FcgR3b","IPV1_IgG1"
"468","PT_FcgR3b","PT_ADCP"
"469","PT_FcgR3b","IPV3_IgG3"
"470","PT_FcgR3b","IPV2_IgG3"
"471","PT_FcgR3b","DT_IgG1"
"472","PT_FcgR3b","PRN_ADCP"
"473","PT_FcgR3b","PT_IgG"
"474","PT_FcgR3b","PT_ADCD"
"475","IPV2_ADCD","TT_FcgR3b"
"476","IPV2_ADCD","IPV1_ADCD"
"477","IPV2_ADCD","FIM_FcgR3b"
"478","IPV2_ADCD","DT_ADCD"
"479","IPV2_ADCD","PRN_ADCD"
"480","IPV2_ADCD","FHA_ADCD"
"481","IPV2_ADCD","FIM_FcgR2a"
"482","IPV2_ADCD","IPV2_IgG1"
"483","IPV2_ADCD","ACT_ADCD"
"484","IPV2_ADCD","IPV1_IgG1"
"485","IPV2_ADCD","PT_ADCD"
"486","FIM_IgG","TT_IgG4"
"487","FIM_IgG","PRN_IgG3"
"488","FIM_IgG","PRN_IgG"
"489","FIM_IgG","DT_ADCP"
"490","FIM_IgG","IPV3_FcgR3b"
"491","FIM_IgG","PT_IgG2"
"492","FIM_IgG","FIM_IgG1"
"493","FIM_IgG","FIM_FcgR3b"
"494","FIM_IgG","IPV2_FcgR2a"
"495","FIM_IgG","DT_IgG"
"496","FIM_IgG","IPV1_FcgR2a"
"497","FIM_IgG","FHA_IgG1"
"498","FIM_IgG","FHA_ADCD"
"499","FIM_IgG","PT_IgG1"
"500","FIM_IgG","FIM_FcgR2a"
"501","FIM_IgG","FIM_IgG3"
"502","FIM_IgG","DT_IgG2"
"503","FIM_IgG","FHA_IgG4"
"504","FIM_IgG","FIM_IgG2"
"505","FIM_IgG","TT_IgG"
"506","FIM_IgG","FHA_IgG2"
"507","FIM_IgG","FHA_IgG3"
"508","FIM_IgG","PRN_IgG2"
"509","FIM_IgG","PRN_IgG1"
"510","FIM_IgG","IPV2_IgG3"
"511","FIM_IgG","PRN_ADCP"
"512","FIM_IgG","PT_IgG"
"513","FIM_IgG","PT_ADCD"
"514","TT_IgG4","FHA_FcgR2a"
"515","TT_IgG4","TT_IgG2"
"516","TT_IgG4","IPV1_FcgR3b"
"517","TT_IgG4","FIM_ADCD"
"518","TT_IgG4","FHA_FcgR3b"
"519","TT_IgG4","TT_FcgR3b"
"520","TT_IgG4","PRN_IgG"
"521","TT_IgG4","PT_IgG2"
"522","TT_IgG4","ACT_FcgR3b"
"523","TT_IgG4","DT_ADCD"
"524","TT_IgG4","PT_IgG4"
"525","TT_IgG4","PRN_IgG4"
"526","TT_IgG4","IPV1_FcgR2a"
"527","TT_IgG4","TT_IgG1"
"528","TT_IgG4","FHA_ADCD"
"529","TT_IgG4","DT_ADNP"
"530","TT_IgG4","PT_IgG1"
"531","TT_IgG4","PT_IgG3"
"532","TT_IgG4","FIM_IgG3"
"533","TT_IgG4","ACT_IgG4"
"534","TT_IgG4","DT_IgG2"
"535","TT_IgG4","FHA_IgG4"
"536","TT_IgG4","FIM_IgG2"
"537","TT_IgG4","TT_ADCP"
"538","TT_IgG4","TT_IgG"
"539","TT_IgG4","ACT_ADCD"
"540","TT_IgG4","DT_IgG4"
"541","TT_IgG4","FHA_IgG3"
"542","TT_IgG4","IPV2_FcgR3b"
"543","TT_IgG4","IPV3_IgG1"
"544","TT_IgG4","IPV3_IgG3"
"545","TT_IgG4","ACT_IgG3"
"546","TT_IgG4","IPV2_IgG3"
"547","TT_IgG4","DT_IgG1"
"548","TT_IgG4","PT_IgG"
"549","FHA_FcgR2a","IPV1_FcgR3b"
"550","FHA_FcgR2a","FHA_FcgR3b"
"551","FHA_FcgR2a","PRN_IgG3"
"552","FHA_FcgR2a","PRN_IgG"
"553","FHA_FcgR2a","ACT_IgG1"
"554","FHA_FcgR2a","FIM_IgG1"
"555","FHA_FcgR2a","ACT_FcgR3b"
"556","FHA_FcgR2a","FIM_FcgR3b"
"557","FHA_FcgR2a","IPV2_FcgR2a"
"558","FHA_FcgR2a","IPV1_FcgR2a"
"559","FHA_FcgR2a","TT_IgG1"
"560","FHA_FcgR2a","FHA_IgG1"
"561","FHA_FcgR2a","FHA_ADCD"
"562","FHA_FcgR2a","TT_FcgR2a"
"563","FHA_FcgR2a","FIM_FcgR2a"
"564","FHA_FcgR2a","PT_IgG3"
"565","FHA_FcgR2a","FIM_IgG3"
"566","FHA_FcgR2a","IPV2_IgG1"
"567","FHA_FcgR2a","PRN_FcgR3b"
"568","FHA_FcgR2a","FIM_IgG2"
"569","FHA_FcgR2a","ACT_IgG2"
"570","FHA_FcgR2a","IPV3_IgG4"
"571","FHA_FcgR2a","FHA_IgG2"
"572","FHA_FcgR2a","FHA_IgG3"
"573","FHA_FcgR2a","IPV2_FcgR3b"
"574","FHA_FcgR2a","IPV3_IgG1"
"575","FHA_FcgR2a","PT_ADCP"
"576","FHA_FcgR2a","IPV3_IgG3"
"577","FHA_FcgR2a","PRN_IgG1"
"578","FHA_FcgR2a","ACT_IgG3"
"579","FHA_FcgR2a","PT_IgG"
"580","TT_IgG2","FIM_ADCD"
"581","TT_IgG2","PT_IgG2"
"582","TT_IgG2","ACT_IgG1"
"583","TT_IgG2","IPV1_ADCD"
"584","TT_IgG2","FIM_FcgR3b"
"585","TT_IgG2","IPV2_FcgR2a"
"586","TT_IgG2","PRN_ADCD"
"587","TT_IgG2","TT_IgG1"
"588","TT_IgG2","DT_IgG3"
"589","TT_IgG2","TT_FcgR2a"
"590","TT_IgG2","FIM_FcgR2a"
"591","TT_IgG2","FIM_IgG3"
"592","TT_IgG2","PRN_FcgR3b"
"593","TT_IgG2","DT_IgG2"
"594","TT_IgG2","FIM_IgG2"
"595","TT_IgG2","TT_ADCP"
"596","TT_IgG2","TT_IgG"
"597","TT_IgG2","ACT_IgG2"
"598","TT_IgG2","DT_IgG4"
"599","TT_IgG2","FHA_IgG2"
"600","TT_IgG2","IPV3_IgG3"
"601","TT_IgG2","PRN_IgG2"
"602","IPV1_FcgR3b","FHA_FcgR3b"
"603","IPV1_FcgR3b","TT_FcgR3b"
"604","IPV1_FcgR3b","PRN_IgG"
"605","IPV1_FcgR3b","IPV3_FcgR3b"
"606","IPV1_FcgR3b","FIM_FcgR3b"
"607","IPV1_FcgR3b","PT_IgG4"
"608","IPV1_FcgR3b","PRN_ADCD"
"609","IPV1_FcgR3b","IPV1_FcgR2a"
"610","IPV1_FcgR3b","TT_IgG1"
"611","IPV1_FcgR3b","DT_IgG3"
"612","IPV1_FcgR3b","TT_FcgR2a"
"613","IPV1_FcgR3b","PT_IgG1"
"614","IPV1_FcgR3b","FIM_FcgR2a"
"615","IPV1_FcgR3b","PRN_FcgR3b"
"616","IPV1_FcgR3b","FHA_IgG4"
"617","IPV1_FcgR3b","FIM_IgG2"
"618","IPV1_FcgR3b","DT_IgG4"
"619","IPV1_FcgR3b","IPV3_IgG4"
"620","IPV1_FcgR3b","FHA_IgG3"
"621","IPV1_FcgR3b","IPV2_FcgR3b"
"622","IPV1_FcgR3b","IPV3_IgG1"
"623","IPV1_FcgR3b","IPV1_IgG1"
"624","IPV1_FcgR3b","PT_ADCP"
"625","IPV1_FcgR3b","PRN_IgG1"
"626","IPV1_FcgR3b","ACT_IgG3"
"627","IPV1_FcgR3b","IPV2_IgG3"
"628","IPV1_FcgR3b","DT_IgG1"
"629","IPV1_FcgR3b","PT_ADCD"
"630","FIM_ADCD","TT_FcgR3b"
"631","FIM_ADCD","PRN_IgG3"
"632","FIM_ADCD","PT_IgG2"
"633","FIM_ADCD","FIM_IgG1"
"634","FIM_ADCD","ACT_FcgR3b"
"635","FIM_ADCD","IPV1_ADCD"
"636","FIM_ADCD","FIM_FcgR3b"
"637","FIM_ADCD","PT_IgG4"
"638","FIM_ADCD","IPV2_FcgR2a"
"639","FIM_ADCD","PRN_ADCD"
"640","FIM_ADCD","IPV1_FcgR2a"
"641","FIM_ADCD","TT_IgG1"
"642","FIM_ADCD","FHA_ADCD"
"643","FIM_ADCD","FIM_FcgR2a"
"644","FIM_ADCD","FIM_IgG3"
"645","FIM_ADCD","PRN_FcgR3b"
"646","FIM_ADCD","FIM_IgG2"
"647","FIM_ADCD","ACT_IgG2"
"648","FIM_ADCD","ACT_ADCD"
"649","FIM_ADCD","FHA_IgG2"
"650","FIM_ADCD","IPV3_IgG3"
"651","FIM_ADCD","IPV2_IgG3"
"652","FIM_ADCD","PRN_ADCP"
"653","FIM_ADCD","PT_ADCD"
"654","FHA_FcgR3b","TT_FcgR3b"
"655","FHA_FcgR3b","PRN_IgG"
"656","FHA_FcgR3b","IPV3_FcgR3b"
"657","FHA_FcgR3b","PT_IgG2"
"658","FHA_FcgR3b","FIM_IgG1"
"659","FHA_FcgR3b","ACT_FcgR3b"
"660","FHA_FcgR3b","FIM_FcgR3b"
"661","FHA_FcgR3b","DT_ADCD"
"662","FHA_FcgR3b","IPV2_FcgR2a"
"663","FHA_FcgR3b","DT_IgG"
"664","FHA_FcgR3b","IPV1_FcgR2a"
"665","FHA_FcgR3b","FHA_IgG1"
"666","FHA_FcgR3b","FHA_ADCD"
"667","FHA_FcgR3b","TT_FcgR2a"
"668","FHA_FcgR3b","PT_IgG1"
"669","FHA_FcgR3b","PT_IgG3"
"670","FHA_FcgR3b","IPV2_IgG1"
"671","FHA_FcgR3b","PRN_FcgR3b"
"672","FHA_FcgR3b","FHA_IgG4"
"673","FHA_FcgR3b","TT_IgG"
"674","FHA_FcgR3b","DT_IgG4"
"675","FHA_FcgR3b","FHA_IgG2"
"676","FHA_FcgR3b","FHA_IgG3"
"677","FHA_FcgR3b","IPV2_FcgR3b"
"678","FHA_FcgR3b","IPV1_IgG1"
"679","FHA_FcgR3b","IPV3_IgG3"
"680","FHA_FcgR3b","PT_IgG"
"681","FHA_FcgR3b","PT_ADCD"
"682","TT_FcgR3b","DT_ADCP"
"683","TT_FcgR3b","IPV3_FcgR3b"
"684","TT_FcgR3b","PT_IgG2"
"685","TT_FcgR3b","ACT_IgG1"
"686","TT_FcgR3b","FIM_FcgR3b"
"687","TT_FcgR3b","IPV2_FcgR2a"
"688","TT_FcgR3b","PRN_ADCD"
"689","TT_FcgR3b","TT_IgG1"
"690","TT_FcgR3b","DT_IgG3"
"691","TT_FcgR3b","FHA_IgG1"
"692","TT_FcgR3b","FHA_ADCD"
"693","TT_FcgR3b","TT_FcgR2a"
"694","TT_FcgR3b","DT_ADNP"
"695","TT_FcgR3b","PT_IgG1"
"696","TT_FcgR3b","FIM_IgG3"
"697","TT_FcgR3b","IPV2_IgG1"
"698","TT_FcgR3b","PRN_FcgR3b"
"699","TT_FcgR3b","TT_ADCP"
"700","TT_FcgR3b","TT_IgG"
"701","TT_FcgR3b","ACT_IgG2"
"702","TT_FcgR3b","DT_IgG4"
"703","TT_FcgR3b","IPV3_IgG4"
"704","TT_FcgR3b","FHA_IgG2"
"705","TT_FcgR3b","FHA_IgG3"
"706","TT_FcgR3b","IPV2_FcgR3b"
"707","TT_FcgR3b","IPV3_IgG1"
"708","TT_FcgR3b","IPV1_IgG1"
"709","TT_FcgR3b","PT_ADCP"
"710","TT_FcgR3b","IPV3_IgG3"
"711","TT_FcgR3b","PRN_IgG2"
"712","TT_FcgR3b","PRN_IgG1"
"713","TT_FcgR3b","IPV2_IgG3"
"714","TT_FcgR3b","DT_IgG1"
"715","TT_FcgR3b","PRN_ADCP"
"716","TT_FcgR3b","PT_IgG"
"717","PRN_IgG3","PRN_IgG"
"718","PRN_IgG3","FIM_IgG1"
"719","PRN_IgG3","FIM_FcgR3b"
"720","PRN_IgG3","PT_IgG4"
"721","PRN_IgG3","PRN_IgG4"
"722","PRN_IgG3","IPV2_FcgR2a"
"723","PRN_IgG3","DT_IgG3"
"724","PRN_IgG3","PT_IgG3"
"725","PRN_IgG3","FIM_IgG3"
"726","PRN_IgG3","IPV2_IgG1"
"727","PRN_IgG3","PRN_FcgR3b"
"728","PRN_IgG3","FHA_IgG2"
"729","PRN_IgG3","FHA_IgG3"
"730","PRN_IgG3","IPV2_FcgR3b"
"731","PRN_IgG3","PRN_IgG1"
"732","PRN_IgG3","ACT_IgG3"
"733","PRN_IgG3","DT_IgG1"
"734","PRN_IgG3","PT_IgG"
"735","PRN_IgG","FIM_IgG1"
"736","PRN_IgG","ACT_FcgR3b"
"737","PRN_IgG","FIM_FcgR3b"
"738","PRN_IgG","PT_IgG4"
"739","PRN_IgG","PRN_IgG4"
"740","PRN_IgG","PRN_ADCD"
"741","PRN_IgG","DT_IgG"
"742","PRN_IgG","IPV1_FcgR2a"
"743","PRN_IgG","DT_IgG3"
"744","PRN_IgG","FHA_IgG1"
"745","PRN_IgG","TT_FcgR2a"
"746","PRN_IgG","PT_IgG1"
"747","PRN_IgG","FIM_FcgR2a"
"748","PRN_IgG","FIM_IgG3"
"749","PRN_IgG","PRN_FcgR3b"
"750","PRN_IgG","DT_IgG2"
"751","PRN_IgG","TT_IgG"
"752","PRN_IgG","ACT_IgG2"
"753","PRN_IgG","ACT_ADCD"
"754","PRN_IgG","DT_IgG4"
"755","PRN_IgG","IPV3_IgG4"
"756","PRN_IgG","IPV2_FcgR3b"
"757","PRN_IgG","IPV3_IgG1"
"758","PRN_IgG","PRN_IgG2"
"759","PRN_IgG","PRN_IgG1"
"760","PRN_IgG","IPV2_IgG3"
"761","PRN_IgG","PT_IgG"
"762","PRN_IgG","PT_ADCD"
"763","DT_ADCP","FIM_IgG1"
"764","DT_ADCP","FIM_FcgR3b"
"765","DT_ADCP","TT_IgG1"
"766","DT_ADCP","DT_ADNP"
"767","DT_ADCP","PT_IgG1"
"768","DT_ADCP","IPV2_IgG1"
"769","DT_ADCP","TT_ADCP"
"770","DT_ADCP","PT_ADNP"
"771","DT_ADCP","PT_ADCP"
"772","DT_ADCP","PRN_ADCP"
"773","DT_ADCP","PT_IgG"
"774","IPV3_FcgR3b","PT_IgG2"
"775","IPV3_FcgR3b","ACT_FcgR3b"
"776","IPV3_FcgR3b","FIM_FcgR3b"
"777","IPV3_FcgR3b","DT_ADCD"
"778","IPV3_FcgR3b","PT_IgG4"
"779","IPV3_FcgR3b","IPV2_FcgR2a"
"780","IPV3_FcgR3b","TT_IgG1"
"781","IPV3_FcgR3b","PT_IgG1"
"782","IPV3_FcgR3b","FIM_IgG3"
"783","IPV3_FcgR3b","IPV2_IgG1"
"784","IPV3_FcgR3b","PRN_FcgR3b"
"785","IPV3_FcgR3b","FHA_IgG4"
"786","IPV3_FcgR3b","DT_IgG4"
"787","IPV3_FcgR3b","IPV2_FcgR3b"
"788","IPV3_FcgR3b","IPV3_IgG1"
"789","IPV3_FcgR3b","IPV1_IgG1"
"790","IPV3_FcgR3b","PT_ADCP"
"791","IPV3_FcgR3b","IPV3_IgG3"
"792","IPV3_FcgR3b","IPV2_IgG3"
"793","IPV3_FcgR3b","DT_IgG1"
"794","IPV3_FcgR3b","PT_ADCD"
"795","PT_IgG2","IPV1_ADCD"
"796","PT_IgG2","FIM_FcgR3b"
"797","PT_IgG2","DT_IgG3"
"798","PT_IgG2","TT_FcgR2a"
"799","PT_IgG2","PT_IgG1"
"800","PT_IgG2","PT_IgG3"
"801","PT_IgG2","FIM_IgG3"
"802","PT_IgG2","PRN_FcgR3b"
"803","PT_IgG2","DT_IgG2"
"804","PT_IgG2","DT_IgG4"
"805","PT_IgG2","FHA_IgG2"
"806","PT_IgG2","IPV2_FcgR3b"
"807","PT_IgG2","IPV1_IgG1"
"808","PT_IgG2","PT_ADCP"
"809","PT_IgG2","PRN_IgG2"
"810","PT_IgG2","PT_IgG"
"811","ACT_IgG1","FIM_IgG1"
"812","ACT_IgG1","ACT_FcgR3b"
"813","ACT_IgG1","IPV1_ADCD"
"814","ACT_IgG1","DT_ADCD"
"815","ACT_IgG1","PT_IgG4"
"816","ACT_IgG1","PRN_ADCD"
"817","ACT_IgG1","IPV1_FcgR2a"
"818","ACT_IgG1","TT_IgG1"
"819","ACT_IgG1","DT_IgG3"
"820","ACT_IgG1","FHA_IgG1"
"821","ACT_IgG1","PT_IgG1"
"822","ACT_IgG1","PT_IgG3"
"823","ACT_IgG1","IPV2_IgG1"
"824","ACT_IgG1","DT_IgG2"
"825","ACT_IgG1","ACT_IgG2"
"826","ACT_IgG1","ACT_ADCD"
"827","ACT_IgG1","FHA_IgG3"
"828","ACT_IgG1","IPV3_IgG1"
"829","ACT_IgG1","PRN_IgG2"
"830","ACT_IgG1","PRN_IgG1"
"831","ACT_IgG1","ACT_IgG3"
"832","ACT_IgG1","IPV2_IgG3"
"833","FIM_IgG1","ACT_FcgR3b"
"834","FIM_IgG1","FIM_FcgR3b"
"835","FIM_IgG1","PRN_IgG4"
"836","FIM_IgG1","IPV1_FcgR2a"
"837","FIM_IgG1","TT_IgG1"
"838","FIM_IgG1","DT_IgG3"
"839","FIM_IgG1","FHA_ADCD"
"840","FIM_IgG1","TT_FcgR2a"
"841","FIM_IgG1","PT_IgG1"
"842","FIM_IgG1","FIM_FcgR2a"
"843","FIM_IgG1","FIM_IgG3"
"844","FIM_IgG1","ACT_IgG4"
"845","FIM_IgG1","DT_IgG2"
"846","FIM_IgG1","FHA_IgG4"
"847","FIM_IgG1","FIM_IgG2"
"848","FIM_IgG1","IPV3_IgG4"
"849","FIM_IgG1","IPV2_FcgR3b"
"850","FIM_IgG1","ACT_IgG3"
"851","FIM_IgG1","IPV2_IgG3"
"852","FIM_IgG1","DT_IgG1"
"853","FIM_IgG1","PT_IgG"
"854","ACT_FcgR3b","IPV1_FcgR2a"
"855","ACT_FcgR3b","TT_IgG1"
"856","ACT_FcgR3b","FHA_ADCD"
"857","ACT_FcgR3b","FIM_FcgR2a"
"858","ACT_FcgR3b","PRN_FcgR3b"
"859","ACT_FcgR3b","DT_IgG2"
"860","ACT_FcgR3b","TT_IgG"
"861","ACT_FcgR3b","DT_IgG4"
"862","ACT_FcgR3b","IPV3_IgG4"
"863","ACT_FcgR3b","PT_ADCP"
"864","ACT_FcgR3b","IPV2_IgG3"
"865","ACT_FcgR3b","PT_ADCD"
"866","IPV1_ADCD","PRN_ADCD"
"867","IPV1_ADCD","IPV1_FcgR2a"
"868","IPV1_ADCD","TT_IgG1"
"869","IPV1_ADCD","FHA_ADCD"
"870","IPV1_ADCD","FHA_IgG4"
"871","IPV1_ADCD","ACT_ADCD"
"872","IPV1_ADCD","IPV3_IgG1"
"873","IPV1_ADCD","IPV1_IgG1"
"874","IPV1_ADCD","DT_IgG1"
"875","IPV1_ADCD","PT_ADCD"
"876","FIM_FcgR3b","PT_IgG4"
"877","FIM_FcgR3b","PRN_IgG4"
"878","FIM_FcgR3b","IPV2_FcgR2a"
"879","FIM_FcgR3b","IPV1_FcgR2a"
"880","FIM_FcgR3b","TT_IgG1"
"881","FIM_FcgR3b","FHA_ADCD"
"882","FIM_FcgR3b","TT_FcgR2a"
"883","FIM_FcgR3b","DT_ADNP"
"884","FIM_FcgR3b","PT_IgG1"
"885","FIM_FcgR3b","FIM_FcgR2a"
"886","FIM_FcgR3b","PT_IgG3"
"887","FIM_FcgR3b","PRN_FcgR3b"
"888","FIM_FcgR3b","DT_IgG2"
"889","FIM_FcgR3b","FIM_IgG2"
"890","FIM_FcgR3b","ACT_IgG2"
"891","FIM_FcgR3b","DT_IgG4"
"892","FIM_FcgR3b","PT_ADNP"
"893","FIM_FcgR3b","IPV3_IgG4"
"894","FIM_FcgR3b","FHA_IgG2"
"895","FIM_FcgR3b","IPV2_FcgR3b"
"896","FIM_FcgR3b","IPV2_IgG3"
"897","FIM_FcgR3b","DT_IgG1"
"898","FIM_FcgR3b","PT_IgG"
"899","DT_ADCD","PRN_ADCD"
"900","DT_ADCD","TT_IgG1"
"901","DT_ADCD","IPV3_IgG1"
"902","DT_ADCD","IPV3_IgG3"
"903","DT_ADCD","ACT_IgG3"
"904","DT_ADCD","PT_ADCD"
"905","PT_IgG4","PRN_IgG4"
"906","PT_IgG4","PRN_ADCD"
"907","PT_IgG4","DT_IgG3"
"908","PT_IgG4","FHA_ADCD"
"909","PT_IgG4","FIM_FcgR2a"
"910","PT_IgG4","PT_IgG3"
"911","PT_IgG4","FIM_IgG3"
"912","PT_IgG4","IPV2_IgG1"
"913","PT_IgG4","PRN_FcgR3b"
"914","PT_IgG4","DT_IgG2"
"915","PT_IgG4","FHA_IgG4"
"916","PT_IgG4","FIM_IgG2"
"917","PT_IgG4","TT_ADCP"
"918","PT_IgG4","ACT_ADCD"
"919","PT_IgG4","DT_IgG4"
"920","PT_IgG4","PT_ADNP"
"921","PT_IgG4","IPV3_IgG4"
"922","PT_IgG4","IPV2_FcgR3b"
"923","PT_IgG4","IPV3_IgG1"
"924","PT_IgG4","PT_ADCP"
"925","PT_IgG4","ACT_IgG3"
"926","PT_IgG4","IPV2_IgG3"
"927","PT_IgG4","PT_IgG"
"928","PT_IgG4","PT_ADCD"
"929","PRN_IgG4","PT_IgG3"
"930","PRN_IgG4","ACT_IgG4"
"931","PRN_IgG4","PRN_FcgR3b"
"932","PRN_IgG4","FHA_IgG4"
"933","PRN_IgG4","DT_IgG4"
"934","PRN_IgG4","FHA_IgG3"
"935","PRN_IgG4","PRN_IgG2"
"936","PRN_IgG4","IPV2_IgG3"
"937","IPV2_FcgR2a","IPV1_FcgR2a"
"938","IPV2_FcgR2a","FHA_IgG1"
"939","IPV2_FcgR2a","FIM_FcgR2a"
"940","IPV2_FcgR2a","IPV2_IgG1"
"941","IPV2_FcgR2a","PRN_FcgR3b"
"942","IPV2_FcgR2a","FHA_IgG4"
"943","IPV2_FcgR2a","TT_ADCP"
"944","IPV2_FcgR2a","IPV2_FcgR3b"
"945","IPV2_FcgR2a","IPV3_IgG1"
"946","IPV2_FcgR2a","IPV3_IgG3"
"947","IPV2_FcgR2a","ACT_IgG3"
"948","IPV2_FcgR2a","IPV2_IgG3"
"949","PRN_ADCD","FHA_ADCD"
"950","PRN_ADCD","DT_ADNP"
"951","PRN_ADCD","IPV2_IgG1"
"952","PRN_ADCD","ACT_ADCD"
"953","PRN_ADCD","DT_IgG4"
"954","PRN_ADCD","IPV3_IgG1"
"955","PRN_ADCD","IPV1_IgG1"
"956","PRN_ADCD","ACT_IgG3"
"957","PRN_ADCD","PT_IgG"
"958","PRN_ADCD","PT_ADCD"
"959","DT_IgG","TT_IgG"
"960","DT_IgG","DT_IgG1"
"961","DT_IgG","PT_IgG"
"962","IPV1_FcgR2a","TT_IgG1"
"963","IPV1_FcgR2a","DT_IgG3"
"964","IPV1_FcgR2a","TT_FcgR2a"
"965","IPV1_FcgR2a","IPV2_IgG1"
"966","IPV1_FcgR2a","DT_IgG2"
"967","IPV1_FcgR2a","IPV2_FcgR3b"
"968","IPV1_FcgR2a","IPV1_IgG1"
"969","IPV1_FcgR2a","IPV3_IgG3"
"970","IPV1_FcgR2a","PRN_IgG2"
"971","IPV1_FcgR2a","IPV2_IgG3"
"972","IPV1_FcgR2a","PT_IgG"
"973","IPV1_FcgR2a","PT_ADCD"
"974","TT_IgG1","TT_FcgR2a"
"975","TT_IgG1","PT_IgG1"
"976","TT_IgG1","FIM_FcgR2a"
"977","TT_IgG1","FIM_IgG3"
"978","TT_IgG1","ACT_IgG4"
"979","TT_IgG1","IPV2_IgG1"
"980","TT_IgG1","PRN_FcgR3b"
"981","TT_IgG1","TT_ADCP"
"982","TT_IgG1","TT_IgG"
"983","TT_IgG1","PT_ADNP"
"984","TT_IgG1","IPV3_IgG1"
"985","TT_IgG1","IPV1_IgG1"
"986","TT_IgG1","PT_ADCP"
"987","TT_IgG1","IPV3_IgG3"
"988","TT_IgG1","PRN_IgG1"
"989","TT_IgG1","DT_IgG1"
"990","TT_IgG1","PRN_ADCP"
"991","TT_IgG1","PT_ADCD"
"992","DT_IgG3","PT_IgG3"
"993","DT_IgG3","FIM_IgG3"
"994","DT_IgG3","IPV2_IgG1"
"995","DT_IgG3","PRN_FcgR3b"
"996","DT_IgG3","DT_IgG2"
"997","DT_IgG3","FHA_IgG4"
"998","DT_IgG3","TT_ADCP"
"999","DT_IgG3","ACT_IgG2"
"1000","DT_IgG3","DT_IgG4"
"1001","DT_IgG3","PT_ADNP"
"1002","DT_IgG3","IPV3_IgG4"
"1003","DT_IgG3","FHA_IgG3"
"1004","DT_IgG3","IPV1_IgG1"
"1005","DT_IgG3","PRN_IgG1"
"1006","DT_IgG3","DT_IgG1"
"1007","FHA_IgG1","FHA_ADCD"
"1008","FHA_IgG1","TT_FcgR2a"
"1009","FHA_IgG1","PT_IgG1"
"1010","FHA_IgG1","FIM_FcgR2a"
"1011","FHA_IgG1","PT_IgG3"
"1012","FHA_IgG1","IPV2_IgG1"
"1013","FHA_IgG1","PRN_FcgR3b"
"1014","FHA_IgG1","TT_IgG"
"1015","FHA_IgG1","DT_IgG4"
"1016","FHA_IgG1","FHA_IgG2"
"1017","FHA_IgG1","FHA_IgG3"
"1018","FHA_IgG1","IPV2_FcgR3b"
"1019","FHA_IgG1","IPV3_IgG1"
"1020","FHA_IgG1","IPV1_IgG1"
"1021","FHA_IgG1","PRN_IgG1"
"1022","FHA_IgG1","DT_IgG1"
"1023","FHA_IgG1","PT_IgG"
"1024","FHA_ADCD","TT_FcgR2a"
"1025","FHA_ADCD","PT_IgG3"
"1026","FHA_ADCD","PRN_FcgR3b"
"1027","FHA_ADCD","FHA_IgG4"
"1028","FHA_ADCD","ACT_ADCD"
"1029","FHA_ADCD","FHA_IgG2"
"1030","FHA_ADCD","FHA_IgG3"
"1031","FHA_ADCD","IPV2_FcgR3b"
"1032","FHA_ADCD","IPV3_IgG1"
"1033","FHA_ADCD","IPV1_IgG1"
"1034","FHA_ADCD","ACT_IgG3"
"1035","FHA_ADCD","PT_IgG"
"1036","FHA_ADCD","PT_ADCD"
"1037","TT_FcgR2a","DT_ADNP"
"1038","TT_FcgR2a","PT_IgG1"
"1039","TT_FcgR2a","FIM_FcgR2a"
"1040","TT_FcgR2a","PT_IgG3"
"1041","TT_FcgR2a","IPV2_IgG1"
"1042","TT_FcgR2a","TT_ADCP"
"1043","TT_FcgR2a","TT_IgG"
"1044","TT_FcgR2a","DT_IgG4"
"1045","TT_FcgR2a","PT_ADNP"
"1046","TT_FcgR2a","IPV3_IgG4"
"1047","TT_FcgR2a","FHA_IgG2"
"1048","TT_FcgR2a","IPV1_IgG1"
"1049","TT_FcgR2a","PT_ADCP"
"1050","TT_FcgR2a","PRN_IgG1"
"1051","TT_FcgR2a","DT_IgG1"
"1052","TT_FcgR2a","PT_IgG"
"1053","DT_ADNP","PT_IgG1"
"1054","DT_ADNP","IPV2_IgG1"
"1055","DT_ADNP","FHA_IgG4"
"1056","DT_ADNP","TT_ADCP"
"1057","DT_ADNP","PT_ADNP"
"1058","DT_ADNP","PT_ADCP"
"1059","DT_ADNP","ACT_IgG3"
"1060","DT_ADNP","PRN_ADCP"
"1061","PT_IgG1","PT_IgG3"
"1062","PT_IgG1","IPV2_IgG1"
"1063","PT_IgG1","PRN_FcgR3b"
"1064","PT_IgG1","TT_IgG"
"1065","PT_IgG1","IPV2_FcgR3b"
"1066","PT_IgG1","IPV3_IgG1"
"1067","PT_IgG1","IPV1_IgG1"
"1068","PT_IgG1","PT_ADCP"
"1069","PT_IgG1","IPV3_IgG3"
"1070","PT_IgG1","PRN_IgG1"
"1071","PT_IgG1","DT_IgG1"
"1072","PT_IgG1","PT_IgG"
"1073","PT_IgG1","PT_ADCD"
"1074","FIM_FcgR2a","PT_IgG3"
"1075","FIM_FcgR2a","FIM_IgG3"
"1076","FIM_FcgR2a","IPV2_IgG1"
"1077","FIM_FcgR2a","FIM_IgG2"
"1078","FIM_FcgR2a","TT_IgG"
"1079","FIM_FcgR2a","ACT_IgG2"
"1080","FIM_FcgR2a","ACT_ADCD"
"1081","FIM_FcgR2a","DT_IgG4"
"1082","FIM_FcgR2a","FHA_IgG2"
"1083","FIM_FcgR2a","PT_ADCP"
"1084","FIM_FcgR2a","IPV3_IgG3"
"1085","FIM_FcgR2a","ACT_IgG3"
"1086","FIM_FcgR2a","PT_IgG"
"1087","FIM_FcgR2a","PT_ADCD"
"1088","PT_IgG3","FIM_IgG3"
"1089","PT_IgG3","FHA_IgG4"
"1090","PT_IgG3","DT_IgG4"
"1091","PT_IgG3","FHA_IgG2"
"1092","PT_IgG3","FHA_IgG3"
"1093","PT_IgG3","IPV2_FcgR3b"
"1094","PT_IgG3","IPV1_IgG1"
"1095","PT_IgG3","IPV3_IgG3"
"1096","PT_IgG3","IPV2_IgG3"
"1097","FIM_IgG3","IPV2_IgG1"
"1098","FIM_IgG3","PRN_FcgR3b"
"1099","FIM_IgG3","FHA_IgG4"
"1100","FIM_IgG3","FIM_IgG2"
"1101","FIM_IgG3","TT_IgG"
"1102","FIM_IgG3","PT_ADNP"
"1103","FIM_IgG3","IPV3_IgG4"
"1104","FIM_IgG3","IPV2_FcgR3b"
"1105","FIM_IgG3","IPV1_IgG1"
"1106","FIM_IgG3","IPV2_IgG3"
"1107","FIM_IgG3","DT_IgG1"
"1108","ACT_IgG4","FHA_IgG4"
"1109","ACT_IgG4","ACT_IgG2"
"1110","ACT_IgG4","DT_IgG4"
"1111","ACT_IgG4","ACT_IgG3"
"1112","IPV2_IgG1","PRN_FcgR3b"
"1113","IPV2_IgG1","FIM_IgG2"
"1114","IPV2_IgG1","TT_ADCP"
"1115","IPV2_IgG1","ACT_ADCD"
"1116","IPV2_IgG1","DT_IgG4"
"1117","IPV2_IgG1","IPV3_IgG4"
"1118","IPV2_IgG1","IPV2_FcgR3b"
"1119","IPV2_IgG1","IPV3_IgG1"
"1120","IPV2_IgG1","IPV1_IgG1"
"1121","IPV2_IgG1","IPV3_IgG3"
"1122","IPV2_IgG1","PRN_IgG1"
"1123","IPV2_IgG1","IPV2_IgG3"
"1124","IPV2_IgG1","DT_IgG1"
"1125","IPV2_IgG1","PRN_ADCP"
"1126","PRN_FcgR3b","DT_IgG2"
"1127","PRN_FcgR3b","TT_ADCP"
"1128","PRN_FcgR3b","FHA_IgG2"
"1129","PRN_FcgR3b","FHA_IgG3"
"1130","PRN_FcgR3b","IPV2_FcgR3b"
"1131","PRN_FcgR3b","PRN_IgG1"
"1132","PRN_FcgR3b","IPV2_IgG3"
"1133","PRN_FcgR3b","DT_IgG1"
"1134","PRN_FcgR3b","PT_IgG"
"1135","DT_IgG2","FHA_IgG4"
"1136","DT_IgG2","DT_IgG4"
"1137","DT_IgG2","IPV3_IgG4"
"1138","DT_IgG2","FHA_IgG2"
"1139","DT_IgG2","FHA_IgG3"
"1140","DT_IgG2","PRN_IgG2"
"1141","DT_IgG2","IPV2_IgG3"
"1142","DT_IgG2","DT_IgG1"
"1143","FHA_IgG4","DT_IgG4"
"1144","FHA_IgG4","IPV3_IgG4"
"1145","FHA_IgG4","FHA_IgG2"
"1146","FHA_IgG4","FHA_IgG3"
"1147","FHA_IgG4","IPV3_IgG2"
"1148","FHA_IgG4","IPV1_IgG1"
"1149","FHA_IgG4","PRN_IgG2"
"1150","FHA_IgG4","ACT_IgG3"
"1151","FHA_IgG4","IPV2_IgG3"
"1152","FHA_IgG4","PT_IgG"
"1153","FIM_IgG2","DT_IgG4"
"1154","FIM_IgG2","PT_ADNP"
"1155","FIM_IgG2","IPV3_IgG4"
"1156","FIM_IgG2","FHA_IgG2"
"1157","TT_ADCP","TT_IgG"
"1158","TT_ADCP","PT_ADNP"
"1159","TT_ADCP","PT_ADCP"
"1160","TT_ADCP","IPV3_IgG3"
"1161","TT_ADCP","PRN_IgG1"
"1162","TT_ADCP","PRN_ADCP"
"1163","TT_IgG","DT_IgG4"
"1164","TT_IgG","FHA_IgG2"
"1165","TT_IgG","FHA_IgG3"
"1166","TT_IgG","IPV2_FcgR3b"
"1167","TT_IgG","PT_IgG"
"1168","ACT_IgG2","FHA_IgG2"
"1169","ACT_IgG2","ACT_IgG3"
"1170","ACT_IgG2","IPV2_IgG3"
"1171","ACT_IgG2","PT_IgG"
"1172","ACT_ADCD","DT_IgG4"
"1173","ACT_ADCD","IPV3_IgG1"
"1174","ACT_ADCD","IPV1_IgG1"
"1175","ACT_ADCD","DT_IgG1"
"1176","ACT_ADCD","PT_IgG"
"1177","DT_IgG4","PT_ADNP"
"1178","DT_IgG4","FHA_IgG2"
"1179","DT_IgG4","FHA_IgG3"
"1180","DT_IgG4","PT_ADCP"
"1181","DT_IgG4","IPV3_IgG3"
"1182","DT_IgG4","PRN_IgG2"
"1183","DT_IgG4","PRN_IgG1"
"1184","DT_IgG4","PRN_ADCP"
"1185","PT_ADNP","FHA_IgG3"
"1186","PT_ADNP","PT_ADCP"
"1187","PT_ADNP","PRN_ADCP"
"1188","PT_ADNP","PT_IgG"
"1189","IPV3_IgG4","FHA_IgG3"
"1190","IPV3_IgG4","IPV3_IgG1"
"1191","IPV3_IgG4","IPV3_IgG3"
"1192","IPV3_IgG4","DT_IgG1"
"1193","FHA_IgG2","IPV2_FcgR3b"
"1194","FHA_IgG2","IPV3_IgG3"
"1195","FHA_IgG2","PRN_IgG2"
"1196","FHA_IgG2","IPV2_IgG3"
"1197","FHA_IgG2","PT_IgG"
"1198","FHA_IgG3","IPV3_IgG1"
"1199","FHA_IgG3","IPV1_IgG1"
"1200","FHA_IgG3","IPV3_IgG3"
"1201","FHA_IgG3","ACT_IgG3"
"1202","FHA_IgG3","IPV2_IgG3"
"1203","FHA_IgG3","PT_IgG"
"1204","IPV2_FcgR3b","IPV3_IgG1"
"1205","IPV2_FcgR3b","IPV1_IgG1"
"1206","IPV2_FcgR3b","IPV2_IgG3"
"1207","IPV2_FcgR3b","DT_IgG1"
"1208","IPV2_FcgR3b","PT_IgG"
"1209","IPV3_IgG1","IPV3_IgG2"
"1210","IPV3_IgG1","IPV1_IgG1"
"1211","IPV3_IgG1","IPV3_IgG3"
"1212","IPV3_IgG1","ACT_IgG3"
"1213","IPV3_IgG1","IPV2_IgG3"
"1214","IPV3_IgG1","DT_IgG1"
"1215","IPV3_IgG2","IPV3_IgG3"
"1216","IPV1_IgG1","PRN_IgG2"
"1217","IPV1_IgG1","PRN_IgG1"
"1218","IPV1_IgG1","DT_IgG1"
"1219","PT_ADCP","PRN_ADCP"
"1220","PT_ADCP","PT_IgG"
"1221","IPV3_IgG3","ACT_IgG3"
"1222","IPV3_IgG3","IPV2_IgG3"
"1223","PRN_IgG2","PRN_IgG1"
"1224","PRN_IgG1","DT_IgG1"
"1225","PRN_IgG1","PT_IgG"
"1226","ACT_IgG3","DT_IgG1"
"1227","ACT_IgG3","PT_ADCD"
"1228","IPV2_IgG3","PT_IgG"
"1229","PRN_ADCP","PT_IgG"
"1230","PT_IgG","PT_ADCD"
